,count,mean,std,min,25%,50%,75%,max
Maternal_Age,10000.0,29.4997,8.603139038172696,15.0,22.0,30.0,37.0,44.0
Birth_Weight_kg,10000.0,3.20672,0.8630375455219188,1.0,2.71,3.25,3.77,5.0
Gestational_Age_Weeks,10000.0,38.0428,3.5276922514956044,28.0,37.0,39.0,41.0,42.0
Apgar_5min,10000.0,7.4803,2.0732683748553677,1.0,6.0,8.0,9.0,10.0
